agency_cd,site_no,parameter_cd,ts_id,month_nu,day_nu,DateTime,begin_yr,end_yr,count_nu,max_va_yr,max_va,min_va_yr,min_va,mean_va,p05_va,p10_va,p20_va,p25_va,p50_va,p75_va,p80_va,p90_va,p95_va
USGS,2091814,60,85489,7,1,7/1/2015,1997,2019,23,2013,9470,2008,472,2070,479,550,840,855,1290,1820,2560,6320,9060
USGS,2091814,60,85489,7,2,7/2/2015,1997,2019,23,2013,10200,2008,484,2110,504,617,744,829,1370,1770,2300,6070,9560
USGS,2091814,60,85489,7,3,7/3/2015,1997,2019,23,2013,11300,2008,452,2170,472,593,746,760,1140,2600,3030,5780,10300
USGS,2091814,60,85489,7,4,7/4/2015,1997,2019,23,2013,12200,2011,410,2270,431,555,702,724,1130,3350,3880,5250,10900
USGS,2091814,60,85489,7,5,7/5/2015,1997,2019,23,2013,12700,2011,490,2330,512,603,659,692,1040,3430,4020,5660,11300
USGS,2091814,60,85489,7,6,7/6/2015,1997,2019,23,2013,13300,2011,438,2280,458,554,616,622,1090,3590,3650,5970,11900
USGS,2091814,60,85489,7,7,7/7/2015,1997,2019,23,2013,13100,2010,467,2220,479,540,605,672,1090,3090,3500,6150,11700
USGS,2091814,60,85489,7,8,7/8/2015,1997,2019,23,2013,13500,2010,411,2260,417,493,656,769,1110,2570,3420,6400,12100
USGS,2091814,60,85489,7,9,7/9/2015,1997,2019,23,2013,14000,2010,383,2330,401,495,669,702,1150,2620,3310,6530,12600
USGS,2091814,60,85489,7,10,7/10/2015,1997,2019,23,2013,14700,2002,457,2430,460,537,741,773,1140,2710,3340,6450,13200
USGS,2091814,60,85489,7,11,7/11/2015,1997,2019,23,2013,15100,1999,512,2530,529,621,769,863,1330,2650,3370,6650,13600
USGS,2091814,60,85489,7,12,7/12/2015,1997,2019,23,2013,17400,1999,534,2660,551,631,800,953,1360,3100,3420,6640,15400
USGS,2091814,60,85489,7,13,7/13/2015,1997,2019,23,2013,17400,1999,610,2660,615,637,888,968,1340,2790,3520,6360,15300
USGS,2091814,60,85489,7,14,7/14/2015,1997,2019,23,2013,16300,2002,603,2620,617,700,984,1020,1290,3770,3840,6130,14400
USGS,2091814,60,85489,7,15,7/15/2015,1997,2019,23,2013,15100,2009,709,2580,735,859,929,940,1340,3690,3840,6170,13500
USGS,2091814,60,85489,7,16,7/16/2015,1997,2019,23,2013,14600,2009,708,2550,717,753,784,940,1270,3400,3700,6230,13200
USGS,2091814,60,85489,7,17,7/17/2015,1997,2019,23,2013,15000,2010,562,2500,578,656,766,972,1260,2680,3820,6460,13500
USGS,2091814,60,85489,7,18,7/18/2015,1997,2019,23,2013,15000,2010,449,2420,473,594,811,861,1250,1900,3600,6380,13500
USGS,2091814,60,85489,7,19,7/19/2015,1997,2019,23,2013,15300,2010,322,2350,372,593,800,923,1250,1820,3560,6070,13700
USGS,2091814,60,85489,7,20,7/20/2015,1997,2019,23,2013,15100,2010,422,2280,434,547,795,876,1210,1830,2660,5940,13400
USGS,2091814,60,85489,7,21,7/21/2015,1997,2019,23,2013,15700,2011,461,2240,466,542,793,912,1200,1630,1990,5930,13800
USGS,2091814,60,85489,7,22,7/22/2015,1997,2019,23,2013,15800,2011,426,2250,455,635,775,920,1090,2240,2380,5990,13900
USGS,2091814,60,85489,7,23,7/23/2015,1997,2019,23,2013,15300,2011,439,2260,458,584,826,867,1060,2240,2480,6070,13500
USGS,2091814,60,85489,7,24,7/24/2015,1997,2019,23,2013,14500,2011,495,2430,504,579,857,882,1170,3490,3890,6130,12900
USGS,2091814,60,85489,7,25,7/25/2015,1997,2019,23,2013,12700,2011,540,2580,561,663,833,835,1100,4130,4350,6200,11400
USGS,2091814,60,85489,7,26,7/26/2015,1997,2019,23,2013,9970,2011,504,2600,528,677,859,869,1460,3890,5450,6230,9230
USGS,2091814,60,85489,7,27,7/27/2015,1997,2019,23,2013,7160,2010,529,2540,534,633,817,897,1630,3750,5280,5840,6900
USGS,2091814,60,85489,7,28,7/28/2015,1997,2019,23,2014,5650,2010,407,2330,428,566,885,1000,1840,3810,4230,4940,5570
USGS,2091814,60,85489,7,29,7/29/2015,1997,2019,23,2014,5640,2011,524,2190,535,579,926,1110,2130,3360,3600,4300,5380
USGS,2091814,60,85489,7,30,7/30/2015,1997,2019,23,2014,5260,2011,512,2200,539,691,882,1130,1700,3460,3730,4290,5100
USGS,2091814,60,85489,7,31,7/31/2015,1997,2019,23,2018,5340,2011,590,2180,606,718,802,953,1410,3430,3590,4380,5160
USGS,2091814,60,85489,8,1,8/1/2015,1997,2019,23,2018,6020,2010,699,2190,705,745,866,883,1330,3690,3710,4060,5660
USGS,2091814,60,85489,8,2,8/2/2015,1997,2019,23,2018,5710,2008,654,2240,659,697,760,837,1670,3510,3750,4260,5440
USGS,2091814,60,85489,8,3,8/3/2015,1997,2019,23,2018,5140,1999,616,2290,617,638,795,857,1850,3280,4130,4740,5060
USGS,2091814,60,85489,8,4,8/4/2015,1997,2019,23,2014,6530,2008,569,2290,570,604,733,790,2040,3320,4030,4930,6230
USGS,2091814,60,85489,8,5,8/5/2015,1997,2019,23,2014,7870,2008,590,2250,593,609,667,677,1540,3490,3550,5080,7330
USGS,2091814,60,85489,8,6,8/6/2015,1997,2019,23,2014,8430,2007,493,2220,499,543,625,649,1530,2740,3170,5470,7840
USGS,2091814,60,85489,8,7,8/7/2015,1997,2019,23,2014,8110,2007,486,2220,494,541,602,651,1770,2330,2960,5820,7650
USGS,2091814,60,85489,8,8,8/8/2015,1997,2019,23,2014,7360,2008,481,2190,483,513,620,631,1450,2510,3660,6120,7110
USGS,2091814,60,85489,8,9,8/9/2015,1997,2019,23,2000,6370,2008,461,2190,464,495,664,752,1260,2850,3710,6110,6330
USGS,2091814,60,85489,8,10,8/10/2015,1997,2019,23,2000,6460,2008,461,2210,467,494,693,797,1280,3220,4200,5740,6330
USGS,2091814,60,85489,8,11,8/11/2015,1997,2019,23,2000,6460,2002,458,2130,467,565,721,786,1280,3170,4080,5580,6400
USGS,2091814,60,85489,8,12,8/12/2015,1997,2019,23,2000,7420,2002,441,2120,445,524,886,895,1250,2510,3640,5830,7260
USGS,2091814,60,85489,8,13,8/13/2015,1997,2019,23,2000,7960,2002,397,2220,450,671,835,845,1290,2630,3630,6460,7800
USGS,2091814,60,85489,8,14,8/14/2015,1997,2019,23,2000,8330,2002,389,2380,452,707,726,750,1360,2900,3740,7330,8230
USGS,2091814,60,85489,8,15,8/15/2015,1997,2019,23,2003,8860,2002,404,2620,434,610,721,753,1380,2960,4680,8230,8780
USGS,2091814,60,85489,8,16,8/16/2015,1997,2019,23,2003,10600,2002,420,2770,438,532,722,762,1270,3380,5610,8370,10200
USGS,2091814,60,85489,8,17,8/17/2015,1997,2019,23,2003,12200,2002,385,2820,413,542,622,714,1370,3680,6010,8300,11400
USGS,2091814,60,85489,8,18,8/18/2015,1997,2019,23,2003,14900,2002,452,2940,462,501,601,665,1260,4010,5850,8200,13600
USGS,2091814,60,85489,8,19,8/19/2015,1997,2019,23,2003,16800,2002,444,3070,453,499,676,918,1240,4480,5390,8180,15200
USGS,2091814,60,85489,8,20,8/20/2015,1997,2019,23,2003,16900,2007,484,3190,495,542,695,903,1210,3300,5880,8560,15300
USGS,2091814,60,85489,8,21,8/21/2015,1997,2019,23,2003,15700,2007,476,3150,497,591,682,858,1260,3550,6440,8820,14400
USGS,2091814,60,85489,8,22,8/22/2015,1997,2019,23,2003,13700,2007,476,3020,497,595,690,874,1200,2910,6970,8840,12800
USGS,2091814,60,85489,8,23,8/23/2015,1997,2019,23,2003,11800,2007,471,2890,499,613,682,850,1270,3440,7200,8600,11200
USGS,2091814,60,85489,8,24,8/24/2015,1997,2019,23,2003,10200,2007,483,2750,505,596,789,844,1220,3790,6710,8080,9850
USGS,2091814,60,85489,8,25,8/25/2015,1997,2019,23,2003,8850,2007,433,2600,457,563,771,837,1170,3830,5670,8200,8770
USGS,2091814,60,85489,8,26,8/26/2015,1997,2019,23,2004,8200,2007,459,2400,483,582,827,918,1180,3720,4210,8110,8190
USGS,2091814,60,85489,8,27,8/27/2015,1997,2019,23,2018,8220,2007,481,2420,484,526,764,948,1320,3380,3820,7310,8070
USGS,2091814,60,85489,8,28,8/28/2015,1997,2019,23,2011,11000,2007,551,2640,568,651,765,822,1250,3030,3740,7420,10400
USGS,2091814,60,85489,8,29,8/29/2015,1997,2019,23,2011,14000,2007,598,2680,615,692,764,777,1270,3750,4160,6810,12600
USGS,2091814,60,85489,8,30,8/30/2015,1997,2019,23,2011,15300,2007,670,2520,675,701,820,841,1270,3880,4030,5100,13300
USGS,2091814,60,85489,8,31,8/31/2015,1997,2019,23,2011,14400,2015,616,2400,628,678,822,900,1490,2970,3280,4420,12500
USGS,2091814,60,85489,9,1,9/1/2015,1997,2019,23,2011,12400,2016,650,2400,654,674,795,839,1760,2880,3200,4700,10900
USGS,2091814,60,85489,9,2,9/2/2015,1997,2019,23,2006,10400,2007,602,2530,619,733,898,938,1860,3090,3370,7840,10400
USGS,2091814,60,85489,9,3,9/3/2015,1997,2019,23,2006,13800,2007,580,2730,595,677,876,946,1830,3410,3540,6600,12700
USGS,2091814,60,85489,9,4,9/4/2015,1997,2019,23,2006,15300,2007,493,2990,521,646,893,927,2030,3680,4530,6350,13600
USGS,2091814,60,85489,9,5,9/5/2015,1997,2019,23,2006,15100,2007,467,3230,493,631,950,1070,2260,4590,5160,6630,13500
USGS,2091814,60,85489,9,6,9/6/2015,1997,2019,23,2006,14800,2007,421,3510,452,598,913,1130,2500,5130,5400,7160,13400
USGS,2091814,60,85489,9,7,9/7/2015,1997,2019,23,2006,13600,2007,425,3690,448,575,763,1070,2670,5770,6200,7720,12500
USGS,2091814,60,85489,9,8,9/8/2015,1997,2019,23,2006,12100,2007,407,3760,436,567,747,1110,2650,5990,6240,8800,11500
USGS,2091814,60,85489,9,9,9/9/2015,1997,2019,23,2006,10900,2010,467,3750,477,532,679,1120,2550,6130,6310,9390,10700
USGS,2091814,60,85489,9,10,9/10/2015,1997,2019,23,2019,10400,2010,461,3710,464,500,720,1040,2580,5020,6510,9470,10300
USGS,2091814,60,85489,9,11,9/11/2015,1997,2019,23,2019,10800,2010,447,3660,448,508,836,1060,2580,6030,6480,9320,10500
USGS,2091814,60,85489,9,12,9/12/2015,1997,2019,23,2019,10800,2007,446,3550,456,554,989,1210,2510,5620,7290,9480,10700
USGS,2091814,60,85489,9,13,9/13/2015,1997,2019,23,1999,11000,2007,424,3370,431,514,946,1020,1980,4970,6620,9030,10700
USGS,2091814,60,85489,9,14,9/14/2015,1997,2019,23,1999,11700,2007,435,3310,442,506,862,1010,2070,5320,5840,9170,11400
USGS,2091814,60,85489,9,15,9/15/2015,1997,2019,23,2018,15600,2007,454,3670,454,529,859,1010,1770,5100,5870,12200,15000
USGS,2091814,60,85489,9,16,9/16/2015,1997,2019,23,2018,31400,2010,443,4820,463,550,794,921,1590,4230,6070,20700,30300
USGS,2091814,60,85489,9,17,9/17/2015,1997,2019,23,1999,41600,2010,423,5610,447,603,790,819,1510,3840,5930,27600,40600
USGS,2091814,60,85489,9,18,9/18/2015,1997,2019,23,1999,52200,2010,429,6070,451,577,860,908,1440,3550,5620,28700,49500
USGS,2091814,60,85489,9,19,9/19/2015,1997,2019,23,1999,55900,2010,429,6230,447,556,836,933,1260,3310,5100,28400,52400
USGS,2091814,60,85489,9,20,9/20/2015,1997,2019,23,1999,57000,2010,415,6240,445,565,773,828,1350,3520,4510,27700,53200
USGS,2091814,60,85489,9,21,9/21/2015,1997,2019,23,1999,56900,2010,415,6160,433,516,787,863,1280,3970,4170,27100,53200
USGS,2091814,60,85489,9,22,9/22/2015,1997,2019,23,1999,55300,2010,412,6050,434,542,816,861,1180,3870,4760,26700,52200
USGS,2091814,60,85489,9,23,9/23/2015,1997,2019,23,1999,54000,2010,365,5920,400,583,799,878,1340,3680,4780,26000,51100
USGS,2091814,60,85489,9,24,9/24/2015,1997,2019,23,1999,52200,2010,388,5820,421,563,836,937,1280,4060,4270,25200,49400
USGS,2091814,60,85489,9,25,9/25/2015,1997,2019,23,1999,48900,2010,357,5590,402,592,889,937,1410,4240,4750,23700,46300
USGS,2091814,60,85489,9,26,9/26/2015,1997,2019,23,1999,46100,2010,362,5420,397,593,920,979,1410,4260,4290,22100,43500
USGS,2091814,60,85489,9,27,9/27/2015,1997,2019,23,1999,43000,2007,520,5200,552,733,883,896,1900,3980,4070,20300,40400
USGS,2091814,60,85489,9,28,9/28/2015,1997,2019,23,1999,40700,2007,481,4930,530,753,850,863,2010,3950,4370,17300,37500
USGS,2091814,60,85489,9,29,9/29/2015,1997,2019,23,1999,38900,2007,446,4560,497,752,851,866,2300,4310,4620,12600,34500
USGS,2091814,60,85489,9,30,9/30/2015,1997,2019,23,1999,39300,2007,452,4450,487,697,823,866,2030,4640,5730,9250,33700
USGS,2091814,60,85489,10,1,10/1/2015,1997,2020,24,2000,40300,2008,460,4920,509,722,834,855,1770,5190,7340,12100,33300
USGS,2091814,60,85489,10,2,10/2/2015,1997,2019,23,2000,39800,2008,456,5110,493,669,802,964,2010,5370,6740,13400,34800
USGS,2091814,60,85489,10,3,10/3/2015,1997,2019,23,2000,38000,2008,419,5040,448,612,807,1020,1850,5620,6430,12900,33400
USGS,2091814,60,85489,10,4,10/4/2015,1997,2019,23,2000,35300,2008,381,4910,420,599,864,926,1600,5840,7530,12300,31100
USGS,2091814,60,85489,10,5,10/5/2015,1997,2019,23,2000,32600,2008,418,4660,439,569,760,947,1670,5820,8180,11400,28700
USGS,2091814,60,85489,10,6,10/6/2015,1997,2019,23,2000,30300,2008,451,4460,470,566,709,888,1610,5810,7410,11800,26900
USGS,2091814,60,85489,10,7,10/7/2015,1997,2019,23,2000,28000,2008,430,4260,465,639,708,873,1450,5850,6660,12100,25100
USGS,2091814,60,85489,10,8,10/8/2015,1997,2019,23,2000,26100,2008,391,4190,426,599,784,905,1750,5460,6410,12000,23600
USGS,2091814,60,85489,10,9,10/9/2015,1997,2019,23,2000,24400,2008,404,4610,443,612,812,872,1900,5990,10000,14300,22600
USGS,2091814,60,85489,10,10,10/10/2015,1997,2019,23,2017,29900,2008,384,5230,420,568,732,827,1800,6010,9890,18900,28500
USGS,2091814,60,85489,10,11,10/11/2015,1997,2019,23,2017,36000,2008,415,5340,442,564,746,756,1840,6140,9010,18100,33000
USGS,2091814,60,85489,10,12,10/12/2015,1997,2019,23,2017,40500,2008,361,5270,399,592,895,984,1770,6260,7190,16900,36200
USGS,2091814,60,85489,10,13,10/13/2015,1997,2019,23,2017,43300,2008,385,5080,423,660,941,1120,1700,4920,5780,15500,38000
USGS,2091814,60,85489,10,14,10/14/2015,1997,2019,23,2017,46800,2008,349,4960,399,693,1170,1290,1730,3700,4580,14200,40500
USGS,2091814,60,85489,10,15,10/15/2015,1997,2019,23,2017,49200,2008,341,4850,405,732,1070,1310,1850,2790,3730,12900,42000
USGS,2091814,60,85489,10,16,10/16/2015,1997,2019,23,2017,48600,2008,335,4650,382,686,982,1090,1720,2760,3510,12100,41300
USGS,2091814,60,85489,10,17,10/17/2015,1997,2019,23,2017,45700,2008,316,4450,372,684,933,961,1520,2720,3840,11800,39000
USGS,2091814,60,85489,10,18,10/18/2015,1997,2019,23,2017,41600,2008,356,4420,420,742,913,950,1300,3740,4020,13500,36200
USGS,2091814,60,85489,10,19,10/19/2015,1997,2019,23,2017,37200,2008,312,4430,370,723,990,1050,1410,3910,4700,15700,33400
USGS,2091814,60,85489,10,20,10/20/2015,1997,2019,23,2017,33000,2008,304,4380,375,748,968,1010,1330,3780,5040,17300,30600
USGS,2091814,60,85489,10,21,10/21/2015,1997,2019,23,2017,28900,2008,331,4210,384,702,903,909,1280,3240,5030,18100,27700
USGS,2091814,60,85489,10,22,10/22/2015,1997,2019,23,2000,23400,2008,337,3840,387,678,879,924,1210,2710,5120,16600,22900
USGS,2091814,60,85489,10,23,10/23/2015,1997,2019,23,2000,23800,2008,289,3570,340,636,827,959,1250,2600,5110,12900,22000
USGS,2091814,60,85489,10,24,10/24/2015,1997,2019,23,2000,23800,2008,312,3260,360,650,821,907,1320,2290,4860,9940,21100
USGS,2091814,60,85489,10,25,10/25/2015,1997,2019,23,2000,23700,2010,508,3080,510,609,810,851,1180,3630,3970,8160,20600
USGS,2091814,60,85489,10,26,10/26/2015,1997,2019,23,2000,23100,2010,555,2890,568,639,784,806,1110,2870,4020,6910,19900
USGS,2091814,60,85489,10,27,10/27/2015,1997,2019,23,2000,22000,2010,565,2690,593,728,799,928,1040,2800,3700,5810,18800
USGS,2091814,60,85489,10,28,10/28/2015,1997,2019,23,2000,20600,2010,564,2550,585,694,899,917,1200,2750,3250,4730,17500
USGS,2091814,60,85489,10,29,10/29/2015,1997,2019,23,2000,19000,2010,498,2610,536,712,867,935,1420,3270,3630,4500,16200
USGS,2091814,60,85489,10,30,10/30/2015,1997,2019,23,2000,17200,2010,494,2600,526,673,823,852,1360,3310,3900,5650,15000
USGS,2091814,60,85489,10,31,10/31/2015,1997,2019,23,2000,15400,2010,540,2580,561,660,798,840,1260,3180,4220,6420,13800
USGS,2091814,60,85489,11,1,11/1/2015,1997,2019,23,2000,13600,2010,554,2530,572,658,797,830,1230,3260,4350,6720,12400
USGS,2091814,60,85489,11,2,11/2/2015,1997,2019,23,2000,12100,1999,638,2490,640,658,803,823,1210,2900,4290,6830,11300
USGS,2091814,60,85489,11,3,11/3/2015,1997,2019,23,2000,11100,2010,605,2500,609,642,798,825,1210,3450,4030,6800,10500
USGS,2091814,60,85489,11,4,11/4/2015,1997,2019,23,2000,10300,2010,588,2490,589,642,786,829,1190,3430,4440,6650,9770
USGS,2091814,60,85489,11,5,11/5/2015,1997,2019,23,2000,9800,1999,539,2520,561,679,821,923,1260,3500,4560,6690,9260
USGS,2091814,60,85489,11,6,11/6/2015,1997,2019,23,2000,9550,1999,665,2540,672,715,836,841,1250,3700,4450,6790,9070
USGS,2091814,60,85489,11,7,11/7/2015,1997,2019,23,2000,9450,2002,700,2520,703,721,826,880,1250,3730,4350,7100,9170
USGS,2091814,60,85489,11,8,11/8/2015,1997,2019,23,2000,9450,2008,648,2550,656,692,835,853,1200,3440,4180,7380,9320
USGS,2091814,60,85489,11,9,11/9/2015,1997,2019,23,2000,9450,2008,604,2550,613,660,804,837,1230,3520,3780,7570,9440
USGS,2091814,60,85489,11,10,11/10/2015,1997,2019,23,2016,10600,2008,568,2560,574,644,792,861,1170,3500,3720,7490,10400
USGS,2091814,60,85489,11,11,11/11/2015,1997,2019,23,2016,11800,2008,545,2610,566,689,836,970,1100,3810,4120,7350,11300
USGS,2091814,60,85489,11,12,11/12/2015,1997,2019,23,2016,11400,2008,535,2680,560,690,838,860,1210,3940,4020,7550,11000
USGS,2091814,60,85489,11,13,11/13/2015,1997,2019,23,2016,10800,2008,496,2750,525,674,842,876,1460,4300,4730,7590,10400
USGS,2091814,60,85489,11,14,11/14/2015,1997,2019,23,2016,10100,2008,468,2780,499,661,843,875,1400,4730,5140,7400,9710
USGS,2091814,60,85489,11,15,11/15/2015,1997,2019,23,2016,9830,2008,436,2810,469,643,837,873,1400,4810,5500,7200,9340
USGS,2091814,60,85489,11,16,11/16/2015,1997,2019,23,2016,10000,2008,450,2940,482,649,815,878,1690,5250,6080,7110,9460
USGS,2091814,60,85489,11,17,11/17/2015,1997,2019,23,2016,10200,2008,435,3080,469,642,825,860,1580,5450,6340,7450,9670
USGS,2091814,60,85489,11,18,11/18/2015,1997,2019,23,2016,9890,2008,455,3150,490,656,801,870,1530,4800,7030,7610,9440
USGS,2091814,60,85489,11,19,11/19/2015,1997,2019,23,2016,9760,2008,437,3260,475,654,824,926,1510,5430,7550,8750,9620
USGS,2091814,60,85489,11,20,11/20/2015,1997,2019,23,2019,10600,2008,471,3430,495,639,850,944,1380,5840,8030,9810,10500
USGS,2091814,60,85489,11,21,11/21/2015,1997,2019,23,2019,12300,2008,499,3610,527,721,884,937,1390,5860,8100,10900,12100
USGS,2091814,60,85489,11,22,11/22/2015,1997,2019,23,2007,14100,2008,463,3760,494,701,876,989,1510,5360,7720,12300,14000
USGS,2091814,60,85489,11,23,11/23/2015,1997,2019,23,2007,18800,2008,451,3950,482,686,853,929,1770,4380,7170,12800,17900
USGS,2091814,60,85489,11,24,11/24/2015,1997,2019,23,2007,22300,2008,406,4090,458,704,839,914,1590,4660,6570,12900,20700
USGS,2091814,60,85489,11,25,11/25/2015,1997,2019,23,2007,22800,2008,385,4080,452,718,804,907,1550,4810,5780,12600,21000
USGS,2091814,60,85489,11,26,11/26/2015,1997,2019,23,2007,21200,2008,370,3960,435,728,818,894,1810,4560,5250,12000,19500
USGS,2091814,60,85489,11,27,11/27/2015,1997,2019,23,2007,19200,2008,402,3810,459,720,926,1010,1880,4260,5260,11100,17700
USGS,2091814,60,85489,11,28,11/28/2015,1997,2019,23,2007,17800,2008,425,3670,477,707,1050,1160,1930,4270,4950,10200,16300
USGS,2091814,60,85489,11,29,11/29/2015,1997,2019,23,2007,17100,2008,451,3590,493,689,1040,1150,2230,4460,5320,9540,15600
USGS,2091814,60,85489,11,30,11/30/2015,1997,2019,23,2007,16600,2008,426,3520,472,680,1060,1150,2620,4170,4780,9030,15100
USGS,2091814,60,85489,12,1,12/1/2015,1997,2019,23,2007,15900,2008,440,3510,482,669,1090,1160,2620,4230,4890,8480,14500
USGS,2091814,60,85489,12,2,12/2/2015,1997,2019,23,2007,15200,2008,448,3510,492,703,1030,1110,2450,4300,4810,8920,14100
USGS,2091814,60,85489,12,3,12/3/2015,1997,2019,23,2007,13700,2008,420,3540,476,706,1020,1050,2380,4830,4890,9540,13000
USGS,2091814,60,85489,12,4,12/4/2015,1997,2019,23,2007,12100,2008,410,3540,469,715,995,1030,2550,4630,5220,9840,11800
USGS,2091814,60,85489,12,5,12/5/2015,1997,2019,23,2019,10900,2008,422,3510,478,715,966,1010,2450,4670,5670,9570,10900
USGS,2091814,60,85489,12,6,12/6/2015,1997,2019,23,2019,11000,2008,374,3410,435,689,926,976,2360,4730,5910,8550,10700
USGS,2091814,60,85489,12,7,12/7/2015,1997,2019,23,2019,10900,2008,359,3320,433,743,908,966,2370,4970,5260,8130,10500
USGS,2091814,60,85489,12,8,12/8/2015,1997,2019,23,2019,10800,2008,369,3330,438,751,891,941,2720,4340,5810,7940,10200
USGS,2091814,60,85489,12,9,12/9/2015,1997,2019,23,2019,11100,2008,393,3460,453,727,898,1430,2360,4670,6200,8400,10600
USGS,2091814,60,85489,12,10,12/10/2015,1997,2019,23,2019,12300,2008,391,3630,455,747,894,1310,2390,5230,6300,9150,11800
USGS,2091814,60,85489,12,11,12/11/2015,1997,2019,23,2019,13300,2008,369,3820,432,730,952,1240,2330,5490,6290,9620,12700
USGS,2091814,60,85489,12,12,12/12/2015,1997,2019,23,2019,14000,2008,375,3940,443,750,962,1250,2420,5600,6160,9820,13300
USGS,2091814,60,85489,12,13,12/13/2015,1997,2019,23,2019,14300,2008,409,4010,495,862,1150,1270,2740,5310,6110,9920,13600
USGS,2091814,60,85489,12,14,12/14/2015,1997,2019,23,2019,14200,2008,446,4060,528,886,1130,1320,3450,4960,6920,9710,13500
USGS,2091814,60,85489,12,15,12/15/2015,1997,2019,23,2019,14600,2008,481,4180,570,996,1300,1420,3340,5160,7660,9490,13700
USGS,2091814,60,85489,12,16,12/16/2015,1997,2019,23,2019,15800,2008,746,4280,807,1100,1380,1540,3070,5820,7250,9880,14700
USGS,2091814,60,85489,12,17,12/17/2015,1997,2019,23,2019,16800,2008,719,4330,781,1150,1520,1700,2860,6280,6450,10300,15500
USGS,2091814,60,85489,12,18,12/18/2015,1997,2019,23,2019,17300,2012,984,4370,1010,1130,1540,1680,2670,5980,6360,10800,16000
USGS,2091814,60,85489,12,19,12/19/2015,1997,2019,23,2019,17000,2012,937,4410,966,1170,1570,1690,3100,6170,6430,11000,15900
USGS,2091814,60,85489,12,20,12/20/2015,1997,2019,23,2019,16500,2012,924,4480,943,1190,1660,1700,3450,6140,6680,11100,15500
USGS,2091814,60,85489,12,21,12/21/2015,1997,2019,23,2019,16100,2002,926,4540,936,1150,1650,1990,3170,5980,6840,11000,15200
USGS,2091814,60,85489,12,22,12/22/2015,1997,2019,23,2019,15500,2002,930,4500,956,1180,1690,1960,2980,6280,7140,10700,14700
USGS,2091814,60,85489,12,23,12/23/2015,1997,2019,23,2019,15000,2002,933,4470,962,1140,1710,1810,3340,6060,7340,10200,14200
USGS,2091814,60,85489,12,24,12/24/2015,1997,2019,23,2019,14400,2002,904,4510,933,1080,1610,1640,3720,6720,7480,9740,13600
USGS,2091814,60,85489,12,25,12/25/2015,1997,2019,23,2019,13500,2002,856,4610,887,1010,1660,1720,3960,7590,7910,9210,12800
USGS,2091814,60,85489,12,26,12/26/2015,1997,2019,23,2019,12500,2002,822,4750,853,995,1640,1830,3880,7710,7880,9870,12000
USGS,2091814,60,85489,12,27,12/27/2015,1997,2019,23,2016,12300,2002,788,4970,828,1100,1540,1950,3700,7940,8650,10600,12100
USGS,2091814,60,85489,12,28,12/28/2015,1997,2019,23,2016,13300,2002,746,5170,811,1170,1760,1880,3650,8530,8660,10700,12800
USGS,2091814,60,85489,12,29,12/29/2015,1997,2019,23,2016,14200,2002,750,5320,814,1170,1670,1860,4160,7860,9020,11300,13700
USGS,2091814,60,85489,12,30,12/30/2015,1997,2019,23,2016,14900,2002,750,5480,820,1180,1600,1940,4310,7470,8850,12900,14700
USGS,2091814,60,85489,12,31,12/31/2015,1997,2019,23,2016,16300,2002,736,5650,835,1250,1550,2080,4360,7500,8960,14000,16100
USGS,2091814,60,85489,1,1,1/1/2016,1997,2019,23,2016,17400,2002,715,5800,816,1320,1520,2220,4200,7500,9100,15000,17200
USGS,2091814,60,85489,1,2,1/2/2016,1997,2019,23,2016,17700,2002,710,5870,804,1300,1520,2150,4160,8390,9240,15000,17400
USGS,2091814,60,85489,1,3,1/3/2016,1997,2019,23,2016,17000,2002,812,5920,870,1190,1540,2070,4090,9330,9620,14800,16800
USGS,2091814,60,85489,1,4,1/4/2016,1997,2019,23,2015,16100,2002,849,5880,883,1080,1540,2010,4490,9420,10400,14200,16000
USGS,2091814,60,85489,1,5,1/5/2016,1997,2019,23,2016,15000,2018,919,5740,949,1080,1580,1970,4760,9310,10500,13300,14900
USGS,2091814,60,85489,1,6,1/6/2016,1997,2019,23,2016,14700,2018,862,5640,902,1140,1670,2090,4850,8960,9600,12700,14400
USGS,2091814,60,85489,1,7,1/7/2016,1997,2019,23,2016,14800,2018,855,5490,896,1220,1770,2190,4670,7770,9380,11800,14200
USGS,2091814,60,85489,1,8,1/8/2016,1997,2019,23,2016,14800,2018,853,5390,892,1210,1960,2290,4280,7280,9010,11400,14200
USGS,2091814,60,85489,1,9,1/9/2016,1997,2019,23,2016,14500,2018,894,5260,925,1200,1830,2400,4220,7160,8470,11000,13900
USGS,2091814,60,85489,1,10,1/10/2016,1997,2019,23,2016,13900,2012,1030,5190,1030,1180,1570,2540,4490,7210,7840,10800,13300
USGS,2091814,60,85489,1,11,1/11/2016,1997,2019,23,2016,13200,2012,1030,5070,1050,1220,1490,2590,5000,7050,7400,10400,12800
USGS,2091814,60,85489,1,12,1/12/2016,1997,2019,23,2016,12700,2012,1220,4960,1250,1380,1630,2360,4940,7010,7510,9980,12400
USGS,2091814,60,85489,1,13,1/13/2016,1997,2019,23,2016,11900,2008,1310,4920,1310,1350,2000,2370,4050,6730,7560,10400,11700
USGS,2091814,60,85489,1,14,1/14/2016,1997,2019,23,2016,11500,2008,1250,4950,1260,1340,1940,2390,4210,6680,7600,10700,11300
USGS,2091814,60,85489,1,15,1/15/2016,1997,2019,23,2015,11600,2008,1160,5020,1190,1360,1940,2790,4090,6890,7620,10900,11500
USGS,2091814,60,85489,1,16,1/16/2016,1997,2019,23,2015,12700,2008,1070,5110,1120,1370,2060,2520,4030,7290,7830,10700,12400
USGS,2091814,60,85489,1,17,1/17/2016,1997,2019,23,2015,14000,2008,1050,5170,1100,1350,2010,2350,4010,7700,8040,11200,13400
USGS,2091814,60,85489,1,18,1/18/2016,1997,2019,23,2015,15300,2008,1080,5310,1150,1440,1980,2230,4340,8010,8180,11800,14700
USGS,2091814,60,85489,1,19,1/19/2016,1997,2019,22,2015,16200,2008,1090,5440,1140,1460,2010,2190,4430,8170,8360,12100,15700
USGS,2091814,60,85489,1,20,1/20/2016,1997,2019,23,2015,16900,2008,1280,5540,1310,1490,2030,2450,4400,7850,8590,12200,16100
USGS,2091814,60,85489,1,21,1/21/2016,1997,2019,23,2015,17200,2001,1440,5650,1450,1510,2010,2420,3820,8390,8630,12100,16400
USGS,2091814,60,85489,1,22,1/22/2016,1997,2019,23,2015,16800,2001,1450,5740,1460,1600,2030,2410,4120,8190,9160,11600,15900
USGS,2091814,60,85489,1,23,1/23/2016,1997,2019,23,2015,15800,2011,1440,5830,1460,1720,2070,2150,4620,7920,9600,11500,15000
USGS,2091814,60,85489,1,24,1/24/2016,1997,2019,23,2015,15000,2011,1330,5950,1420,1870,2070,2330,4920,8870,9640,12100,14500
USGS,2091814,60,85489,1,25,1/25/2016,1997,2019,23,2015,14800,2011,1310,6170,1420,1880,1960,2500,5580,9340,10100,12800,14400
USGS,2091814,60,85489,1,26,1/26/2016,1997,2019,23,2015,14400,2011,1490,6380,1550,1770,1900,2520,6150,9170,12000,13300,14200
USGS,2091814,60,85489,1,27,1/27/2016,1997,2019,23,1998,14200,2011,1590,6450,1600,1680,1830,2500,5560,9550,12100,13800,14100
USGS,2091814,60,85489,1,28,1/28/2016,1997,2019,23,1998,15000,2008,1500,6420,1510,1590,1830,2560,4980,9400,11500,14100,14900
USGS,2091814,60,85489,1,29,1/29/2016,1997,2019,23,1998,15600,2008,1400,6310,1420,1520,2450,2640,4410,9010,10800,14200,15400
USGS,2091814,60,85489,1,30,1/30/2016,1997,2019,23,1998,16100,2008,1350,6230,1380,1520,2530,2830,3940,9060,9960,14300,15800
USGS,2091814,60,85489,1,31,1/31/2016,1997,2019,23,1998,16400,2008,1250,6180,1290,1500,2600,2840,3830,9090,10300,14000,15900
USGS,2091814,60,85489,2,1,2/1/2016,1997,2019,23,1998,16600,2008,1280,6150,1300,1440,2610,2920,3690,9300,10800,13700,16000
USGS,2091814,60,85489,2,2,2/2/2016,1997,2019,23,1998,16700,2008,1280,6110,1290,1410,2430,3030,3760,8750,11000,13900,16200
USGS,2091814,60,85489,2,3,2/3/2016,1997,2019,23,1998,16800,2001,1350,6020,1360,1400,2490,2960,4250,8390,10300,13200,16100
USGS,2091814,60,85489,2,4,2/4/2016,1997,2019,23,1998,19100,2001,1390,6020,1390,1500,2630,2860,4620,8080,9480,12600,17800
USGS,2091814,60,85489,2,5,2/5/2016,1997,2019,23,1998,22300,2001,1440,6140,1510,1830,2560,2630,4200,8630,10900,11900,20200
USGS,2091814,60,85489,2,6,2/6/2016,1997,2019,23,1998,23800,2001,1490,6320,1570,2020,2580,2640,3790,8920,10600,14200,22100
USGS,2091814,60,85489,2,7,2/7/2016,1997,2019,23,1998,24100,2001,1520,6410,1610,2000,2440,2460,4230,8620,10400,15800,22600
USGS,2091814,60,85489,2,8,2/8/2016,1997,2019,23,1998,23700,2001,1590,6460,1650,1970,2340,2920,4380,8160,9890,16500,22500
USGS,2091814,60,85489,2,9,2/9/2016,1997,2019,23,1998,23000,2001,1710,6540,1740,1840,2650,3130,4480,7740,9600,17600,22200
USGS,2091814,60,85489,2,10,2/10/2016,1997,2019,23,1998,22300,2008,1620,6490,1640,1740,2680,2960,4800,7370,9170,18100,21800
USGS,2091814,60,85489,2,11,2/11/2016,1997,2019,23,1998,21600,2008,1390,6370,1440,1670,2530,2710,4780,6770,8600,18500,21300
USGS,2091814,60,85489,2,12,2/12/2016,1997,2019,23,1998,21000,2008,1270,6190,1340,1670,2300,2520,4660,6130,6790,18400,20800
USGS,2091814,60,85489,2,13,2/13/2016,1997,2019,23,1998,20300,2008,1490,6040,1510,1700,2070,2320,4390,6490,7160,18000,20000
USGS,2091814,60,85489,2,14,2/14/2016,1997,2019,23,1998,19500,2001,1580,5910,1630,1830,1930,2240,4230,6560,7530,17100,19200
USGS,2091814,60,85489,2,15,2/15/2016,1997,2019,23,1998,18500,2001,1570,5850,1590,1710,2030,2290,4590,6350,7950,16600,18200
USGS,2091814,60,85489,2,16,2/16/2016,1997,2019,23,1998,17200,2012,1530,5740,1550,1640,2240,2370,4250,6410,8270,15600,16900
USGS,2091814,60,85489,2,17,2/17/2016,1997,2019,23,1998,17100,2012,1470,5760,1490,1640,2160,2260,4350,7150,8850,14700,16700
USGS,2091814,60,85489,2,18,2/18/2016,1997,2019,23,1998,18100,2012,1430,5790,1450,1710,2100,2170,4710,7920,9250,13300,17100
USGS,2091814,60,85489,2,19,2/19/2016,1997,2019,23,1998,18500,2012,1440,5800,1480,1740,2120,2160,5120,8660,9360,12000,17200
USGS,2091814,60,85489,2,20,2/20/2016,1997,2019,23,1998,18400,2011,1740,5800,1740,1770,2190,2360,4840,9200,9560,11000,17000
USGS,2091814,60,85489,2,21,2/21/2016,1997,2019,23,1998,18000,2006,1700,5790,1700,1870,2260,2360,4700,8650,9560,10600,16600
USGS,2091814,60,85489,2,22,2/22/2016,1997,2019,23,1998,17500,2011,1590,5800,1600,1800,2230,2490,4800,8580,9220,10900,16300
USGS,2091814,60,85489,2,23,2/23/2016,1997,2019,23,1998,17300,2011,1520,5810,1560,1770,2080,2420,4450,8690,8990,11100,16100
USGS,2091814,60,85489,2,24,2/24/2016,1997,2019,23,1998,17300,2011,1420,5810,1480,1800,2010,2390,4150,8930,9200,11000,16100
USGS,2091814,60,85489,2,25,2/25/2016,1997,2019,23,1998,17200,2011,1390,5800,1430,1730,2190,2290,4550,8670,9380,11000,16000
USGS,2091814,60,85489,2,26,2/26/2016,1997,2019,23,1998,17000,2011,1340,5830,1370,1620,2230,2330,5160,8590,9420,11300,15900
USGS,2091814,60,85489,2,27,2/27/2016,1997,2019,23,1998,16500,2011,1350,5970,1360,1550,2110,2520,4700,8760,9330,11900,15700
USGS,2091814,60,85489,2,28,2/28/2016,1997,2019,23,1998,15700,2011,1330,6050,1330,1450,2040,2540,4260,8720,10100,12100,15000
USGS,2091814,60,85489,3,1,2/29/2016,1997,2019,23,1998,14700,2017,1270,6100,1310,1510,2290,2380,3810,8800,11300,12300,14200
USGS,2091814,60,85489,3,2,3/1/2016,1997,2019,23,1998,13500,2017,1270,6250,1320,1660,2410,2500,4280,9360,11300,13100,13400
USGS,2091814,60,85489,3,3,3/2/2016,1997,2019,23,2019,14000,2017,1360,6370,1460,1900,2470,2720,5550,9670,10900,12800,13800
USGS,2091814,60,85489,3,4,3/3/2016,1997,2019,23,2019,14800,2017,1470,6470,1530,1940,2830,3190,6170,9640,10200,12600,14400
USGS,2091814,60,85489,3,5,3/4/2016,1997,2019,23,2019,15300,2006,1640,6520,1670,2070,2930,3080,5600,9610,10100,12400,14900
USGS,2091814,60,85489,3,6,3/5/2016,1997,2019,23,2019,15000,2006,1530,6460,1670,2280,2900,3320,5520,9910,10200,12200,14700
USGS,2091814,60,85489,3,7,3/6/2016,1997,2019,23,2019,14500,2006,1460,6440,1610,2250,2930,3500,5580,9440,9730,12500,14300
USGS,2091814,60,85489,3,8,3/7/2016,1997,2019,23,2019,14100,2006,1400,6410,1510,2080,3210,3310,5320,9320,10400,12700,13900
USGS,2091814,60,85489,3,9,3/8/2016,1997,2019,23,2019,13900,2006,1330,6350,1400,2010,2930,3230,5360,9640,10100,13100,13800
USGS,2091814,60,85489,3,10,3/9/2016,1997,2019,23,2019,13900,2006,1280,6270,1310,1930,2870,3300,5420,9350,10400,13300,13800
USGS,2091814,60,85489,3,11,3/10/2016,1997,2019,23,2003,14000,2006,1260,6170,1270,1800,2580,3200,4970,9890,10900,13400,14000
USGS,2091814,60,85489,3,12,3/11/2016,1997,2019,23,2003,14400,2017,1220,6030,1230,1700,2410,2920,4470,9980,11000,13200,14300
USGS,2091814,60,85489,3,13,3/12/2016,1997,2019,23,2003,14400,2017,1250,5930,1250,1660,2470,2750,4250,9170,11300,13900,14400
USGS,2091814,60,85489,3,14,3/13/2016,1997,2019,23,1998,16300,2006,1230,5900,1290,1850,2750,2780,3980,8210,11700,13500,15900
USGS,2091814,60,85489,3,15,3/14/2016,1997,2019,23,1998,18200,2006,1190,5890,1270,1960,2770,2950,3650,7720,11800,13300,17300
USGS,2091814,60,85489,3,16,3/15/2016,1997,2019,23,1998,19800,2006,1160,5790,1310,2120,2850,2930,3580,6870,11100,12800,18500
USGS,2091814,60,85489,3,17,3/16/2016,1997,2019,23,1998,21100,2006,1140,5750,1370,2400,2700,2890,3930,6340,10400,12000,19300
USGS,2091814,60,85489,3,18,3/17/2016,1997,2019,23,1998,21700,2006,1120,5780,1350,2280,2790,3060,4030,6230,9710,11500,19700
USGS,2091814,60,85489,3,19,3/18/2016,1997,2019,23,1998,21800,2006,1070,5790,1290,2250,2630,3320,4300,6450,9060,11000,19700
USGS,2091814,60,85489,3,20,3/19/2016,1997,2019,23,1998,21900,2006,1030,5780,1230,2090,2570,3340,4600,6850,8570,10400,19600
USGS,2091814,60,85489,3,21,3/20/2016,1997,2019,23,1998,21200,2006,1130,5770,1300,2040,2920,3110,4800,7300,8510,10100,19000
USGS,2091814,60,85489,3,22,3/21/2016,1997,2019,23,1998,20000,2006,1450,5800,1520,2110,2840,3110,4830,7690,8100,10900,18400
USGS,2091814,60,85489,3,23,3/22/2016,1997,2019,23,1998,18600,2006,1700,5850,1700,2040,2700,2950,4860,7360,8020,11700,17500
USGS,2091814,60,85489,3,24,3/23/2016,1997,2019,23,1998,17200,2011,1550,5810,1650,2150,2720,3260,4780,7890,7980,11900,16500
USGS,2091814,60,85489,3,25,3/24/2016,1997,2019,23,1998,16100,2011,1510,5840,1650,2340,2630,3230,5440,7850,7970,12100,15700
USGS,2091814,60,85489,3,26,3/25/2016,1997,2019,23,1998,15500,2011,1460,5910,1590,2220,2780,2830,5610,7710,8050,12500,15300
USGS,2091814,60,85489,3,27,3/26/2016,1997,2019,23,1998,15300,2011,1590,5930,1690,2110,2590,2750,5320,7690,8300,12800,15300
USGS,2091814,60,85489,3,28,3/27/2016,1997,2019,23,2003,15700,2011,1830,5920,1850,2010,2320,2620,5900,7460,8400,12900,15700
USGS,2091814,60,85489,3,29,3/28/2016,1997,2019,23,1998,15700,2017,1840,5880,1850,1900,2360,2560,5900,7580,7850,13200,15700
USGS,2091814,60,85489,3,30,3/29/2016,1997,2019,23,1998,15700,2006,1760,5860,1770,1800,2390,2580,5810,7390,7590,13000,15500
USGS,2091814,60,85489,3,31,3/30/2016,1997,2019,23,1998,15300,2006,1590,5800,1630,1830,2640,2700,5690,7110,7680,12200,15000
USGS,2091814,60,85489,4,1,3/31/2016,1997,2019,23,1998,14700,2006,1440,5790,1500,1940,2580,2780,5270,7380,7860,11100,14100
USGS,2091814,60,85489,4,2,4/1/2016,1997,2019,23,1998,14000,2006,1310,5790,1400,1980,2590,2850,5760,7570,8070,9830,13200
USGS,2091814,60,85489,4,3,4/2/2016,1997,2019,23,1998,13300,2006,1280,5780,1450,2150,2680,3680,5640,8100,8230,8870,12400
USGS,2091814,60,85489,4,4,4/3/2016,1997,2019,22,1998,12900,2006,1280,5860,1410,2200,2990,3560,5680,8240,8470,8950,12300
USGS,2091814,60,85489,4,5,4/4/2016,1997,2019,23,1998,12700,2006,1260,5800,1420,2180,3450,3690,5050,7780,8840,9940,12300
USGS,2091814,60,85489,4,6,4/5/2016,1997,2019,23,1998,12600,2006,1290,5760,1420,2160,3370,3450,4890,7600,8970,10700,12400
USGS,2091814,60,85489,4,7,4/6/2016,1997,2019,23,1998,12600,2006,1590,5660,1640,2170,3190,3480,4790,7860,8930,10700,12300
USGS,2091814,60,85489,4,8,4/7/2016,1997,2019,23,1998,12600,2006,1720,5560,1720,2130,3020,3130,4470,8150,8420,10100,12100
USGS,2091814,60,85489,4,9,4/8/2016,1997,2019,23,1998,13000,2006,1620,5400,1620,1990,2710,2850,4350,7890,8120,9540,12500
USGS,2091814,60,85489,4,10,4/9/2016,1997,2019,23,1998,14200,2006,1490,5290,1500,1780,2460,2570,4590,6660,8020,9920,13400
USGS,2091814,60,85489,4,11,4/10/2016,1997,2019,23,1998,15300,2006,1340,5220,1370,1670,2360,2400,4230,6260,7910,10500,14400
USGS,2091814,60,85489,4,12,4/11/2016,1997,2019,23,1998,15900,2006,1270,5150,1320,1800,2440,2570,4210,5970,7720,11200,15200
USGS,2091814,60,85489,4,13,4/12/2016,1997,2019,23,1998,16000,2006,1220,5170,1260,1730,2290,2600,3800,5980,7330,12100,15600
USGS,2091814,60,85489,4,14,4/13/2016,1997,2019,23,1998,15600,2006,1160,5220,1270,1780,2420,2620,3950,6810,7040,12600,15500
USGS,2091814,60,85489,4,15,4/14/2016,1997,2019,23,2003,16800,2006,1070,5250,1190,1780,2490,2560,4320,6920,7190,12100,16400
USGS,2091814,60,85489,4,16,4/15/2016,1997,2019,23,2003,17900,2006,985,5360,1090,1690,2560,2800,4390,6450,6860,12200,17200
USGS,2091814,60,85489,4,17,4/16/2016,1997,2019,23,2003,17900,2006,962,5350,1040,1510,2370,2980,4340,6390,7230,12000,17000
USGS,2091814,60,85489,4,18,4/17/2016,1997,2019,23,2003,16800,2006,934,5260,999,1470,2190,2790,4410,6860,7260,11900,16000
USGS,2091814,60,85489,4,19,4/18/2016,1997,2019,23,2003,15800,2006,912,5210,974,1410,2110,2540,4320,7470,7610,11900,15100
USGS,2091814,60,85489,4,20,4/19/2016,1997,2019,23,2003,15700,2006,858,5200,932,1350,1860,2300,3870,7170,7910,12600,15200
USGS,2091814,60,85489,4,21,4/20/2016,1997,2019,23,2003,14700,2006,845,5160,928,1320,1780,2040,4160,6520,8740,13000,14700
USGS,2091814,60,85489,4,22,4/21/2016,1997,2019,23,2019,15000,2006,868,5030,940,1260,1750,1910,3780,6310,9320,12600,14800
USGS,2091814,60,85489,4,23,4/22/2016,1997,2019,23,2019,14600,2006,911,4790,983,1310,1590,1800,3170,6100,8620,11300,14000
USGS,2091814,60,85489,4,24,4/23/2016,1997,2019,23,2019,14000,2006,968,4650,1050,1420,1640,2040,3070,6010,8020,10600,13400
USGS,2091814,60,85489,4,25,4/24/2016,1997,2019,23,2019,13300,2006,1030,4620,1130,1570,1900,2080,3110,6360,7480,10900,12900
USGS,2091814,60,85489,4,26,4/25/2016,1997,2019,23,2019,12500,2006,1150,4680,1220,1520,1870,2150,3040,7020,8080,11000,12300
USGS,2091814,60,85489,4,27,4/26/2016,1997,2019,23,2019,11700,2010,1400,4770,1420,1520,1780,1930,3070,7120,8450,11400,11700
USGS,2091814,60,85489,4,28,4/27/2016,1997,2019,23,2017,14200,2010,1380,4790,1400,1470,1720,1880,3270,7180,8310,10700,13500
USGS,2091814,60,85489,4,29,4/28/2016,1997,2019,23,2017,19200,2002,1370,4870,1380,1440,1590,2060,3350,7130,7650,9620,17300
USGS,2091814,60,85489,4,30,4/29/2016,1997,2019,23,2017,23300,2010,1250,4870,1260,1340,1550,1870,3430,6750,7170,8430,20300
USGS,2091814,60,85489,5,1,4/30/2016,1997,2019,23,2017,25200,2002,1220,4860,1220,1270,1780,1900,3450,6340,6520,8070,21800
USGS,2091814,60,85489,5,2,5/1/2016,1997,2019,23,2017,26000,2010,1130,4900,1140,1220,1670,2050,3130,5850,6240,8610,22500
USGS,2091814,60,85489,5,3,5/2/2016,1997,2019,23,2017,26500,2010,1020,4970,1030,1120,1520,1660,3650,5420,6470,10100,23400
USGS,2091814,60,85489,5,4,5/3/2016,1997,2019,23,2017,25900,2010,1030,4990,1030,1100,1450,1510,4030,5280,6390,11300,23400
USGS,2091814,60,85489,5,5,5/4/2016,1997,2019,23,2017,25400,2010,977,4970,1000,1120,1460,1540,3630,5860,6290,11900,23200
USGS,2091814,60,85489,5,6,5/5/2016,1997,2019,23,2017,23000,2010,936,4870,975,1200,1350,1570,3400,6490,7150,11900,21300
USGS,2091814,60,85489,5,7,5/6/2016,1997,2019,23,2017,19100,2010,883,4720,936,1190,1610,1710,3480,7470,7620,11400,18000
USGS,2091814,60,85489,5,8,5/7/2016,1997,2019,23,2017,15300,2010,943,4600,980,1140,1710,2220,3530,7760,7910,10900,14700
USGS,2091814,60,85489,5,9,5/8/2016,1997,2019,23,2017,12500,2010,862,4530,904,1120,1620,2100,3440,7940,8090,9880,12100
USGS,2091814,60,85489,5,10,5/9/2016,1997,2019,23,2017,10500,2010,739,4420,793,1080,1470,2610,3630,7800,7950,9130,10300
USGS,2091814,60,85489,5,11,5/10/2016,1997,2019,23,2017,9180,2010,684,4290,739,1000,1350,2010,4240,6090,7560,8820,9130
USGS,2091814,60,85489,5,12,5/11/2016,1997,2019,23,2016,9000,2010,677,4220,725,951,1270,1580,4420,6500,7290,8420,8900
USGS,2091814,60,85489,5,13,5/12/2016,1997,2019,23,2015,11100,2010,605,4120,665,922,1400,1620,4360,5380,6130,8530,10700
USGS,2091814,60,85489,5,14,5/13/2016,1997,2019,23,2015,11300,2010,580,3860,645,916,1510,1600,3940,4740,5820,8140,10700
USGS,2091814,60,85489,5,15,5/14/2016,1997,2019,23,2015,10500,2010,600,3530,651,869,1450,1560,3260,4470,5690,7590,9970
USGS,2091814,60,85489,5,16,5/15/2016,1997,2019,23,2015,9370,2010,572,3280,631,870,1430,1500,2760,4070,5480,6980,8910
USGS,2091814,60,85489,5,17,5/16/2016,1997,2019,23,2015,8080,2010,734,3110,751,859,1310,1480,2400,4830,5050,6750,7880
USGS,2091814,60,85489,5,18,5/17/2016,1997,2019,23,2017,7030,2002,814,2950,823,885,1290,1560,2110,4390,4930,6310,6920
USGS,2091814,60,85489,5,19,5/18/2016,1997,2019,23,2014,7480,2002,835,2830,864,991,1410,1510,2110,3830,4250,6190,7380
USGS,2091814,60,85489,5,20,5/19/2016,1997,2019,23,2014,8340,2002,877,2800,920,1110,1340,1440,1920,3700,3810,5700,8050
USGS,2091814,60,85489,5,21,5/20/2016,1997,2019,23,2014,8890,2002,863,2820,894,1090,1230,1450,2220,3630,3730,6070,8450
USGS,2091814,60,85489,5,22,5/21/2016,1997,2019,23,2014,9060,2002,791,2790,841,1060,1170,1380,2210,3340,3660,6270,8530
USGS,2091814,60,85489,5,23,5/22/2016,1997,2019,23,2014,9260,2002,773,2790,816,1020,1140,1260,2150,3490,3690,6520,8740
USGS,2091814,60,85489,5,24,5/23/2016,1997,2019,23,2014,9770,2002,722,2970,762,950,1190,1210,2040,3500,5330,6910,9220
USGS,2091814,60,85489,5,25,5/24/2016,1997,2019,23,2014,10000,2002,678,3010,701,861,1110,1210,1870,4090,5390,7600,9600
USGS,2091814,60,85489,5,26,5/25/2016,1997,2019,23,2014,9960,2002,621,2990,654,876,1060,1200,1820,4440,5100,7980,9720
USGS,2091814,60,85489,5,27,5/26/2016,1997,2019,23,2003,10000,2002,582,2970,619,839,1040,1220,1550,4610,5190,8180,9850
USGS,2091814,60,85489,5,28,5/27/2016,1997,2019,23,2003,11400,2002,557,2970,596,837,1010,1150,1610,4540,5460,7430,10800
USGS,2091814,60,85489,5,29,5/28/2016,1997,2019,23,2003,12600,2002,543,2950,582,790,1070,1150,1410,4170,5680,6660,11500
USGS,2091814,60,85489,5,30,5/29/2016,1997,2019,23,2003,12800,2002,578,2920,607,772,1080,1150,1620,4010,4920,6550,11600
USGS,2091814,60,85489,5,31,5/30/2016,1997,2019,23,2003,13000,2002,627,2930,645,818,1040,1110,1530,3750,5110,6850,11800
USGS,2091814,60,85489,6,1,5/31/2016,1997,2019,23,2003,13200,2007,698,2860,698,789,1020,1070,1630,3820,4770,6810,11900
USGS,2091814,60,85489,6,2,6/1/2016,1997,2019,23,2003,12800,2007,679,2770,699,823,989,1080,1450,4050,4560,6370,11500
USGS,2091814,60,85489,6,3,6/2/2016,1997,2019,23,2003,12000,2002,719,2630,723,787,999,1070,1300,3520,4640,5960,10800
USGS,2091814,60,85489,6,4,6/3/2016,1997,2019,23,2003,11000,1999,692,2520,692,762,952,975,1350,2830,4620,5610,9940
USGS,2091814,60,85489,6,5,6/4/2016,1997,2019,23,2003,10000,2002,605,2470,607,729,920,925,1410,3110,4470,5280,9110
USGS,2091814,60,85489,6,6,6/5/2016,1997,2019,23,2003,9250,2002,578,2430,597,733,896,948,1540,3300,4190,5090,8500
USGS,2091814,60,85489,6,7,6/6/2016,1997,2019,23,2003,8630,2002,601,2490,613,707,846,1000,2260,3410,3540,4960,7980
USGS,2091814,60,85489,6,8,6/7/2016,1997,2019,23,2003,8200,1999,625,2610,631,699,876,1130,2460,3470,4010,4800,7590
USGS,2091814,60,85489,6,9,6/8/2016,1997,2019,23,2003,7800,1999,606,2640,620,696,1120,1260,2260,3490,4110,4710,7210
USGS,2091814,60,85489,6,10,6/9/2016,1997,2019,23,2003,7490,1999,437,2580,471,629,895,1140,2550,3630,4010,4910,7050
USGS,2091814,60,85489,6,11,6/10/2016,1997,2019,23,2003,7200,1999,382,2520,420,587,776,1050,2240,3650,3880,5420,6860
USGS,2091814,60,85489,6,12,6/11/2016,1997,2019,23,2003,6760,1999,502,2490,519,591,708,995,2020,3550,3860,5680,6610
USGS,2091814,60,85489,6,13,6/12/2016,1997,2019,23,2013,6880,2002,528,2400,546,622,683,925,1820,3280,3840,5740,6760
USGS,2091814,60,85489,6,14,6/13/2016,1997,2019,23,2013,7630,2002,533,2280,541,593,683,884,1750,2840,3360,5820,7310
USGS,2091814,60,85489,6,15,6/14/2016,1997,2019,23,2013,8180,2002,584,2250,589,623,673,822,1800,2440,2990,5970,7740
USGS,2091814,60,85489,6,16,6/15/2016,1997,2019,23,2013,8930,2008,618,2360,619,630,786,830,1610,3110,3470,6270,8440
USGS,2091814,60,85489,6,17,6/16/2016,1997,2019,23,2013,10200,2002,624,2570,627,648,779,854,1470,3410,4480,6410,9510
USGS,2091814,60,85489,6,18,6/17/2016,1997,2019,23,2013,10900,2002,575,2650,591,676,800,856,1580,3500,5130,6290,10000
USGS,2091814,60,85489,6,19,6/18/2016,1997,2019,23,2013,11100,2002,549,2580,577,691,798,945,1430,3920,5420,5870,10100
USGS,2091814,60,85489,6,20,6/19/2016,1997,2019,23,2013,11000,2002,552,2440,566,636,783,882,1270,3800,4290,6040,10000
USGS,2091814,60,85489,6,21,6/20/2016,1997,2019,23,2013,9920,2011,561,2400,563,609,784,824,1470,3200,3730,6450,9270
USGS,2091814,60,85489,6,22,6/21/2016,1997,2019,23,2013,8750,2011,556,2480,563,621,743,787,1700,3450,3870,7080,8540
USGS,2091814,60,85489,6,23,6/22/2016,1997,2019,23,2006,9400,2002,541,2550,541,585,692,712,1610,3500,4220,7320,9140
USGS,2091814,60,85489,6,24,6/23/2016,1997,2019,23,2006,11100,2002,490,2590,495,549,633,711,1480,3610,4530,7000,10400
USGS,2091814,60,85489,6,25,6/24/2016,1997,2019,23,2006,11700,2011,463,2640,463,524,648,668,1500,3660,5080,7040,10900
USGS,2091814,60,85489,6,26,6/25/2016,1997,2019,23,2006,11900,2002,420,2610,430,527,669,820,1390,3740,4390,6840,11000
USGS,2091814,60,85489,6,27,6/26/2016,1997,2019,23,2006,11600,2002,340,2380,377,568,721,767,1240,2980,3630,6580,10800
USGS,2091814,60,85489,6,28,6/27/2016,1997,2019,23,2006,10300,2002,364,2270,400,560,753,780,1250,2950,3230,6510,9750
USGS,2091814,60,85489,6,29,6/28/2016,1997,2019,23,2006,8810,2002,474,2170,498,616,728,896,1160,2650,3120,6640,8620
USGS,2091814,60,85489,6,30,6/29/2016,1997,2019,23,2013,8840,2008,550,2070,550,560,792,864,1090,2180,2860,6590,8650
USGS,2091814,60,85489,7,1,6/30/2016,1997,2019,23,2013,9470,2008,472,2070,479,550,840,855,1290,1820,2560,6320,9060
USGS,2091814,60,85489,7,2,7/1/2016,1997,2019,23,2013,10200,2008,484,2110,504,617,744,829,1370,1770,2300,6070,9560
USGS,2091814,60,85489,7,3,7/2/2016,1997,2019,23,2013,11300,2008,452,2170,472,593,746,760,1140,2600,3030,5780,10300
USGS,2091814,60,85489,7,4,7/3/2016,1997,2019,23,2013,12200,2011,410,2270,431,555,702,724,1130,3350,3880,5250,10900
USGS,2091814,60,85489,7,5,7/4/2016,1997,2019,23,2013,12700,2011,490,2330,512,603,659,692,1040,3430,4020,5660,11300
USGS,2091814,60,85489,7,6,7/5/2016,1997,2019,23,2013,13300,2011,438,2280,458,554,616,622,1090,3590,3650,5970,11900
USGS,2091814,60,85489,7,7,7/6/2016,1997,2019,23,2013,13100,2010,467,2220,479,540,605,672,1090,3090,3500,6150,11700
USGS,2091814,60,85489,7,8,7/7/2016,1997,2019,23,2013,13500,2010,411,2260,417,493,656,769,1110,2570,3420,6400,12100
USGS,2091814,60,85489,7,9,7/8/2016,1997,2019,23,2013,14000,2010,383,2330,401,495,669,702,1150,2620,3310,6530,12600
USGS,2091814,60,85489,7,10,7/9/2016,1997,2019,23,2013,14700,2002,457,2430,460,537,741,773,1140,2710,3340,6450,13200
USGS,2091814,60,85489,7,11,7/10/2016,1997,2019,23,2013,15100,1999,512,2530,529,621,769,863,1330,2650,3370,6650,13600
USGS,2091814,60,85489,7,12,7/11/2016,1997,2019,23,2013,17400,1999,534,2660,551,631,800,953,1360,3100,3420,6640,15400
USGS,2091814,60,85489,7,13,7/12/2016,1997,2019,23,2013,17400,1999,610,2660,615,637,888,968,1340,2790,3520,6360,15300
USGS,2091814,60,85489,7,14,7/13/2016,1997,2019,23,2013,16300,2002,603,2620,617,700,984,1020,1290,3770,3840,6130,14400
USGS,2091814,60,85489,7,15,7/14/2016,1997,2019,23,2013,15100,2009,709,2580,735,859,929,940,1340,3690,3840,6170,13500
USGS,2091814,60,85489,7,16,7/15/2016,1997,2019,23,2013,14600,2009,708,2550,717,753,784,940,1270,3400,3700,6230,13200
USGS,2091814,60,85489,7,17,7/16/2016,1997,2019,23,2013,15000,2010,562,2500,578,656,766,972,1260,2680,3820,6460,13500
USGS,2091814,60,85489,7,18,7/17/2016,1997,2019,23,2013,15000,2010,449,2420,473,594,811,861,1250,1900,3600,6380,13500
USGS,2091814,60,85489,7,19,7/18/2016,1997,2019,23,2013,15300,2010,322,2350,372,593,800,923,1250,1820,3560,6070,13700
USGS,2091814,60,85489,7,20,7/19/2016,1997,2019,23,2013,15100,2010,422,2280,434,547,795,876,1210,1830,2660,5940,13400
USGS,2091814,60,85489,7,21,7/20/2016,1997,2019,23,2013,15700,2011,461,2240,466,542,793,912,1200,1630,1990,5930,13800
USGS,2091814,60,85489,7,22,7/21/2016,1997,2019,23,2013,15800,2011,426,2250,455,635,775,920,1090,2240,2380,5990,13900
USGS,2091814,60,85489,7,23,7/22/2016,1997,2019,23,2013,15300,2011,439,2260,458,584,826,867,1060,2240,2480,6070,13500
USGS,2091814,60,85489,7,24,7/23/2016,1997,2019,23,2013,14500,2011,495,2430,504,579,857,882,1170,3490,3890,6130,12900
USGS,2091814,60,85489,7,25,7/24/2016,1997,2019,23,2013,12700,2011,540,2580,561,663,833,835,1100,4130,4350,6200,11400
USGS,2091814,60,85489,7,26,7/25/2016,1997,2019,23,2013,9970,2011,504,2600,528,677,859,869,1460,3890,5450,6230,9230
USGS,2091814,60,85489,7,27,7/26/2016,1997,2019,23,2013,7160,2010,529,2540,534,633,817,897,1630,3750,5280,5840,6900
USGS,2091814,60,85489,7,28,7/27/2016,1997,2019,23,2014,5650,2010,407,2330,428,566,885,1000,1840,3810,4230,4940,5570
USGS,2091814,60,85489,7,29,7/28/2016,1997,2019,23,2014,5640,2011,524,2190,535,579,926,1110,2130,3360,3600,4300,5380
USGS,2091814,60,85489,7,30,7/29/2016,1997,2019,23,2014,5260,2011,512,2200,539,691,882,1130,1700,3460,3730,4290,5100
USGS,2091814,60,85489,7,31,7/30/2016,1997,2019,23,2018,5340,2011,590,2180,606,718,802,953,1410,3430,3590,4380,5160
